[
  {
    "id": "2a4342f5-48be-41c7-8d3c-fb19d9538b60",
    "data": [
      {
        "text": "what do you do",
        "userDefined": false
      }
    ],
    "isTemplate": false,
    "count": 0,
    "updated": 1523934403
  },
  {
    "id": "ef26eb58-a25e-461b-a213-e7b58314d7c4",
    "data": [
      {
        "text": "tell me about GDG ",
        "userDefined": false
      },
      {
        "text": "Kansas City",
        "meta": "@sys.ignore",
        "userDefined": false
      }
    ],
    "isTemplate": false,
    "count": 0,
    "updated": 1523934403
  },
  {
    "id": "effd8234-4fd1-475c-a975-96cd233ca048",
    "data": [
      {
        "text": "What is GDG ",
        "userDefined": false
      },
      {
        "text": "Kansas City",
        "meta": "@sys.ignore",
        "userDefined": false
      }
    ],
    "isTemplate": false,
    "count": 0,
    "updated": 1523934403
  },
  {
    "id": "21267cc4-cf95-4657-9210-b554e1808f05",
    "data": [
      {
        "text": "who are you",
        "userDefined": false
      }
    ],
    "isTemplate": false,
    "count": 0,
    "updated": 1523934403
  }
]