[
  {
    "id": "6b474fa5-b25f-4776-bf83-4a98ac6527dd",
    "data": [
      {
        "text": "what\u0027s up next",
        "userDefined": false
      }
    ],
    "isTemplate": false,
    "count": 0,
    "updated": 1523934788
  },
  {
    "id": "d0c213bb-1f30-4730-b984-34c8739f962c",
    "data": [
      {
        "text": "next meetup",
        "userDefined": false
      }
    ],
    "isTemplate": false,
    "count": 0,
    "updated": 1523934788
  },
  {
    "id": "b6a2075c-93b9-4417-8b68-7f25cf36b77f",
    "data": [
      {
        "text": "when\u0027s the next meetup",
        "userDefined": false
      }
    ],
    "isTemplate": false,
    "count": 0,
    "updated": 1523934788
  }
]